{
    "No Fracture": {
        "precision": 1.0,
        "recall": 0.8,
        "f1-score": 0.888888888888889,
        "support": 5.0
    },
    "Fracture": {
        "precision": 0.8,
        "recall": 1.0,
        "f1-score": 0.888888888888889,
        "support": 4.0
    },
    "accuracy": 0.8888888888888888,
    "macro avg": {
        "precision": 0.9,
        "recall": 0.9,
        "f1-score": 0.888888888888889,
        "support": 9.0
    },
    "weighted avg": {
        "precision": 0.911111111111111,
        "recall": 0.8888888888888888,
        "f1-score": 0.8888888888888888,
        "support": 9.0
    }
}