{
    "No Fracture": {
        "precision": 0.96,
        "recall": 0.96,
        "f1-score": 0.96,
        "support": 50.0
    },
    "Fracture": {
        "precision": 0.9534883720930233,
        "recall": 0.9534883720930233,
        "f1-score": 0.9534883720930233,
        "support": 43.0
    },
    "accuracy": 0.956989247311828,
    "macro avg": {
        "precision": 0.9567441860465116,
        "recall": 0.9567441860465116,
        "f1-score": 0.9567441860465116,
        "support": 93.0
    },
    "weighted avg": {
        "precision": 0.956989247311828,
        "recall": 0.956989247311828,
        "f1-score": 0.956989247311828,
        "support": 93.0
    }
}