{
    "No Fracture": {
        "precision": 0.9411764705882353,
        "recall": 0.96,
        "f1-score": 0.9504950495049505,
        "support": 50.0
    },
    "Fracture": {
        "precision": 0.9523809523809523,
        "recall": 0.9302325581395349,
        "f1-score": 0.9411764705882352,
        "support": 43.0
    },
    "accuracy": 0.946236559139785,
    "macro avg": {
        "precision": 0.9467787114845938,
        "recall": 0.9451162790697674,
        "f1-score": 0.9458357600465928,
        "support": 93.0
    },
    "weighted avg": {
        "precision": 0.9463570374386312,
        "recall": 0.946236559139785,
        "f1-score": 0.9461864592531357,
        "support": 93.0
    }
}