{
    "No Fracture": {
        "precision": 0.8571428571428571,
        "recall": 0.8135593220338984,
        "f1-score": 0.8347826086956521,
        "support": 59.0
    },
    "Fracture": {
        "precision": 0.7884615384615384,
        "recall": 0.8367346938775511,
        "f1-score": 0.8118811881188119,
        "support": 49.0
    },
    "accuracy": 0.8240740740740741,
    "macro avg": {
        "precision": 0.8228021978021978,
        "recall": 0.8251470079557247,
        "f1-score": 0.823331898407232,
        "support": 108.0
    },
    "weighted avg": {
        "precision": 0.8259818884818885,
        "recall": 0.8240740740740741,
        "f1-score": 0.8243921493598636,
        "support": 108.0
    }
}