{
    "No Fracture": {
        "precision": 1.0,
        "recall": 0.75,
        "f1-score": 0.8571428571428571,
        "support": 4.0
    },
    "Fracture": {
        "precision": 0.8,
        "recall": 1.0,
        "f1-score": 0.888888888888889,
        "support": 4.0
    },
    "accuracy": 0.875,
    "macro avg": {
        "precision": 0.9,
        "recall": 0.875,
        "f1-score": 0.873015873015873,
        "support": 8.0
    },
    "weighted avg": {
        "precision": 0.9,
        "recall": 0.875,
        "f1-score": 0.873015873015873,
        "support": 8.0
    }
}