{
    "No Fracture": {
        "precision": 0.9423076923076923,
        "recall": 0.98,
        "f1-score": 0.9607843137254902,
        "support": 50.0
    },
    "Fracture": {
        "precision": 0.975609756097561,
        "recall": 0.9302325581395349,
        "f1-score": 0.9523809523809524,
        "support": 43.0
    },
    "accuracy": 0.956989247311828,
    "macro avg": {
        "precision": 0.9589587242026266,
        "recall": 0.9551162790697674,
        "f1-score": 0.9565826330532213,
        "support": 93.0
    },
    "weighted avg": {
        "precision": 0.9577054207266639,
        "recall": 0.956989247311828,
        "f1-score": 0.9568988885876932,
        "support": 93.0
    }
}