{
    "No Fracture": {
        "precision": 0.8305084745762712,
        "recall": 0.8305084745762712,
        "f1-score": 0.8305084745762712,
        "support": 59.0
    },
    "Fracture": {
        "precision": 0.7959183673469388,
        "recall": 0.7959183673469388,
        "f1-score": 0.7959183673469388,
        "support": 49.0
    },
    "accuracy": 0.8148148148148148,
    "macro avg": {
        "precision": 0.813213420961605,
        "recall": 0.813213420961605,
        "f1-score": 0.813213420961605,
        "support": 108.0
    },
    "weighted avg": {
        "precision": 0.8148148148148148,
        "recall": 0.8148148148148148,
        "f1-score": 0.8148148148148148,
        "support": 108.0
    }
}