{
    "No Fracture": {
        "precision": 0.9245283018867925,
        "recall": 0.98,
        "f1-score": 0.9514563106796116,
        "support": 50.0
    },
    "Fracture": {
        "precision": 0.975,
        "recall": 0.9069767441860465,
        "f1-score": 0.9397590361445783,
        "support": 43.0
    },
    "accuracy": 0.946236559139785,
    "macro avg": {
        "precision": 0.9497641509433963,
        "recall": 0.9434883720930232,
        "f1-score": 0.945607673412095,
        "support": 93.0
    },
    "weighted avg": {
        "precision": 0.9478646784337594,
        "recall": 0.946236559139785,
        "f1-score": 0.9460478934214779,
        "support": 93.0
    }
}