{
    "No Fracture": {
        "precision": 0.9787234042553191,
        "recall": 0.92,
        "f1-score": 0.9484536082474226,
        "support": 50.0
    },
    "Fracture": {
        "precision": 0.9130434782608695,
        "recall": 0.9767441860465116,
        "f1-score": 0.9438202247191011,
        "support": 43.0
    },
    "accuracy": 0.946236559139785,
    "macro avg": {
        "precision": 0.9458834412580943,
        "recall": 0.9483720930232558,
        "f1-score": 0.9461369164832618,
        "support": 93.0
    },
    "weighted avg": {
        "precision": 0.9483552664299285,
        "recall": 0.946236559139785,
        "f1-score": 0.9463112911321772,
        "support": 93.0
    }
}