{
    "No Fracture": {
        "precision": 0.9591836734693877,
        "recall": 0.94,
        "f1-score": 0.9494949494949495,
        "support": 50.0
    },
    "Fracture": {
        "precision": 0.9318181818181818,
        "recall": 0.9534883720930233,
        "f1-score": 0.942528735632184,
        "support": 43.0
    },
    "accuracy": 0.946236559139785,
    "macro avg": {
        "precision": 0.9455009276437847,
        "recall": 0.9467441860465116,
        "f1-score": 0.9460118425635667,
        "support": 93.0
    },
    "weighted avg": {
        "precision": 0.9465308117381849,
        "recall": 0.946236559139785,
        "f1-score": 0.9462740119024879,
        "support": 93.0
    }
}