{
    "No Fracture": {
        "precision": 0.98,
        "recall": 0.98,
        "f1-score": 0.98,
        "support": 50.0
    },
    "Fracture": {
        "precision": 0.9767441860465116,
        "recall": 0.9767441860465116,
        "f1-score": 0.9767441860465116,
        "support": 43.0
    },
    "accuracy": 0.978494623655914,
    "macro avg": {
        "precision": 0.9783720930232558,
        "recall": 0.9783720930232558,
        "f1-score": 0.9783720930232558,
        "support": 93.0
    },
    "weighted avg": {
        "precision": 0.978494623655914,
        "recall": 0.978494623655914,
        "f1-score": 0.978494623655914,
        "support": 93.0
    }
}