{
    "No Fracture": {
        "precision": 0.9607843137254902,
        "recall": 0.98,
        "f1-score": 0.9702970297029702,
        "support": 50.0
    },
    "Fracture": {
        "precision": 0.9761904761904762,
        "recall": 0.9534883720930233,
        "f1-score": 0.9647058823529412,
        "support": 43.0
    },
    "accuracy": 0.967741935483871,
    "macro avg": {
        "precision": 0.9684873949579832,
        "recall": 0.9667441860465116,
        "f1-score": 0.9675014560279557,
        "support": 93.0
    },
    "weighted avg": {
        "precision": 0.9679075931447848,
        "recall": 0.967741935483871,
        "f1-score": 0.9677118755518814,
        "support": 93.0
    }
}